country,1960,1961,1962,1963,1964,1965,1966,1967,1968,1969,1970,1971,1972,1973,1974,1975,1976,1977,1978,1979,1980,1981,1982,1983,1984,1985,1986,1987,1988,1989,1990,1991,1992,1993,1994,1995,1996,1997,1998,1999,2000,2001,2002,2003,2004,2005,2006,2007,2008,2009,2010,2011,2012,2013,2014,2015,2016,2017,2018,2019,2020,2021,2022
Aruba,,,,,,,,,,,,,,,,,,,,,,,,,,187,626,324,300,377,456,368,427,344,244,335,246,306,133,−85,,,,,,,,,,,,,,,,,,,,,,,
Afghanistan,1.99,3.94,1.89,4,4.94,5.64,5.2,4.1,2.85,2.6,2.57,4.03,4.89,4.81,4.12,5.51,5.65,6.52,5.76,7.64,2.29,2.06,0.965,1.35,0.655,1.55,0.254,4.51,7.08,14,11.5,47.3,17,16,14.6,12.9,9.92,13,8.88,7.42,6.96,20.8,58.3,67.9,96.3,115,114,175,176,211,221,231,219,163,151,127,117,107,103,110,108,117,94.7
Angola,−0.00933,4.33,,0.00536,,0.194,0.494,3.12,0.0017,−0.0186,−0.00498,0,0.0141,0.0243,0.0544,0.677,2.41,6.32,6.03,5.85,6.3,6.98,6.6,7.96,9.71,9.08,12.6,12.6,14.2,14.6,22.5,22.7,27.2,22.2,33.2,29.9,31.9,23.8,21.8,24.4,18.4,16.7,23.6,27.2,61,21.3,8.11,10.5,16,9.71,10.1,7.95,9.67,10.9,8.68,13.5,7.08,7.39,5.2,0.647,3.33,7.16,2.74
Albania,,,,,,,,,,,,,,,,,,,,,,,,,,,,,1.77,3.2,3.36,102,126,83.9,50.8,56.7,71.5,53.4,85.9,157,103,87.7,101,115,99.4,105,108,89.5,117,113,125,131,120,93.3,97.3,116,59.5,58.6,120,9.48,109,225,114
UAE,3.07,3.83,2.89,2.48,3.51,0.115,7.12,8.2,5.29,3.44,17.7,16.3,11.9,1.72,1.2,7.45,1.69,49.3,2.1,7.74,4.02,0.3,4.02,3.48,2.54,2.94,23.3,72.8,−7.11,−3.31,1.86,−3.81,−4.6,−4.57,−3.45,2.22,,,,,,,,,,,,,,,,,,,,,,,,,,,
Argentina,2.16,2.65,2.62,1.3,−0.244,−2.59,−0.414,0.395,0.118,0.749,−0.102,0.206,0.0768,0.542,0.627,0.464,0.536,0.614,0.617,1.02,1.56,1.29,1.02,1.17,1.1,1.29,2.4,2.67,4.5,6.27,5.26,8.39,7.95,7.23,4.67,4.24,3.46,2.77,2.04,2.25,2.01,4.21,2.61,3.08,2.52,2.4,2.89,2.26,3.1,2.85,3.19,2.35,4.26,0.823,1.14,−0.437,0.0601,−0.0266,1.65,0.198,2.24,3.39,8.31
Armenia,,,,,,,,,,,,,,,,,,,,,,,,,,,,,,,,0.752,6.28,31.7,56.7,65.5,88.6,50.8,59.9,65.3,68.1,67.5,95.1,81.2,83.5,56.6,71.2,88.6,76.2,93.5,109,128,92.8,96.6,92.5,121,114,90.3,50,148,45.1,58,108
Antigua and Barbuda,,,,,,,,,,,,,,0.155,46.7,32.2,48.6,83.9,56,50.8,84.8,139,75.9,51.5,36.1,45.4,78,86.4,132,68.2,72.8,114,72.2,45.6,62,33.2,55.4,61.1,138,147,132,113,175,72.1,24.1,101,40.5,60.8,72.9,50.4,229,178,23.8,18,28.6,16.6,1.99,113,192,298,280,65.9,
Azerbaijan,,,,,,,,,,,,,,,,,,,,,,,,,,,,,,,,0.0413,1.01,3.18,19.6,15.6,12.4,23.5,15.2,21.4,17.5,28.5,42.9,36.7,21.2,25.1,24,18.8,21,19.9,17.3,31.4,30.9,−7.52,22.7,7.21,8.14,12.5,8.79,11.9,12.2,0.963,4.65
Burundi,2.74,2.55,3.83,2.09,2.67,1.56,2.8,3.18,3.87,4.36,5.05,6.05,7.2,7.52,10.2,12.7,11.4,12.1,18.3,22.8,26.9,26.9,27.2,29.1,28.4,27.7,37.9,38.1,38,38.4,47.9,45.8,53.9,39.1,55.7,48.4,18.6,9.52,11.4,12.2,14.8,21.5,25.9,33.2,50.4,49.5,56.4,49.9,55,59.1,68.8,60.5,53.5,55.1,49.1,34.2,68.1,39.1,39.3,46.7,39.4,48.5,44.7
Benin,0.00796,0.58,1.45,1.61,6.73,6.54,5.35,5.72,4.53,4.44,4.88,9.38,6.35,8.2,10,16,14.7,13.8,16.6,22.7,23,20.6,19.7,20.4,17.5,21.2,29.6,28.5,32.7,53.8,52,50.2,49.3,50.4,43.3,46.4,46.5,34.6,31.2,31.3,35,38.9,29.8,39.4,49.6,42.8,47.6,47.8,61,64,73,69.2,50.7,64,56.5,39.9,44.5,58.6,48.1,48.3,83,65.4,63.2
Burkina Faso,0.0418,0.278,0.9,0.828,3.03,3.35,3.22,3.68,4.21,4.35,3.92,5.04,5.91,9.63,16,14.4,12.7,17,23.9,29.1,30.3,30.2,28.7,24.1,23.6,23.6,32.8,31.8,33.1,29.8,35.8,44.8,45.2,47.7,42.9,47.4,39.5,33.9,35.7,34.6,15.1,31.9,34.9,41.5,48.1,50.3,62.9,52.3,54.1,54.9,64.8,59.1,67.3,59.3,61.8,53.3,53.4,45,58.2,52.9,80.4,72.9,61.5
Bangladesh,,,,,,,,,,,,0.225,3.23,5.92,7.28,14.1,6.44,9.89,12,13.7,14.6,12.2,14.7,10.9,11.9,10.2,13.1,16.1,13.6,14.1,16.7,14.8,13.5,10.3,12,8.77,8.05,7.07,7.88,7.93,7.56,6.98,6.02,9.54,10.2,8.88,7.21,6.16,7.86,6.67,8.94,9.57,14.2,17.1,15.5,16.4,15.9,23.4,18.6,26.5,32.1,30,30.3
Bahrain,0.249,5.63,7.79,3.56,3.11,4.56,48.8,0.244,0.949,0.646,4.27,20.3,11.7,55.5,139,90.7,544,152,254,390,570,522,399,631,504,170,221,18.9,−5.4,−3.52,266,177,144,194,161,163,209,230,297,89.4,84.9,97,82.3,169,69.9,,,,,,,,,,,,,,,,,,
Bahamas,−0.349,,,0.151,0.432,0.483,0.33,4.36,0.302,0.405,0.447,1.36,6.45,2.48,2.63,3.27,2.86,2.23,3.63,4.06,6.35,6.1,5.69,3.76,41.6,2.85,6.54,2.5,5.45,14.8,11.6,10,10,4.03,3.4,14.7,,,,,,,,,,,,,,,,,,,,,,,,,,,
Bosnia and Herzegovina,,,,,,,,,,,,,,,,,,,,,,,,,,,,,,0.00223,0.00223,0.00222,3.67,17.8,109,258,218,213,222,310,177,153,132,130,166,132,132,137,114,103,134,167,155,144,176,101,128,128,105,137,132,173,87.8
Belarus,,,,,,,,,,,,,,,,,,,,,,,,,,,,,,,,,,,,,,,,,,,,,,6,7.78,8.94,11.7,10.3,14.4,12.7,10.9,11.3,12.8,11.1,−2.36,−26.4,12.6,22.5,34.7,15,1.77
Belize,19.9,30.1,57.4,41.1,15.2,20.3,23.9,52.4,48.1,57.9,49.2,41.2,32.1,36.8,48.4,66.6,87.1,70,131,146,99.9,76,78.9,96.5,87,134,144,137,143,160,166,117,137,160,162,92.5,100,63.4,64.6,204,67.2,90.6,90.9,48,24.6,41.8,26.8,71.6,76.5,83.5,75.1,63.7,77.8,149,107,78.6,95.2,91.3,88.5,91.2,176,193,50.3
Bermuda,,,,,0.204,0.998,1.18,1.15,0.755,0.185,0.182,,0.184,,0.562,0.377,0.564,1.5,2.99,2.79,5.12,3.81,1.26,1.25,1.42,16.5,1.57,3.98,0.686,1.7,711,−80,−85.3,−81.8,−210,−34.8,−67.7,,,,,,,,,,,,,,,,,,,,,,,,,,
Bolivia,3.59,6.17,8.46,12.2,9.4,8.59,7.15,6.98,9.57,7.42,6.49,6.83,9.95,4.91,10.8,9.24,10.5,12.7,20.9,22,24,21.3,18.3,25,20.9,24.9,38.5,42.3,60,69.7,68.4,66,88.8,72.5,70.1,86.6,95.1,77.2,66.3,61.6,49.6,77.3,67.4,84.2,76.7,57.9,84.6,43.7,57.1,57.6,54.8,52.5,62.6,65.4,61.8,71.4,61.8,83,62.8,60.1,28.4,42,27.3
Brazil,0.542,3.86,2.32,2.32,2.86,2.77,3.69,2.02,2.4,1.48,1.42,1.22,0.933,0.628,1.22,1.22,0.831,0.593,0.765,0.735,0.68,1.81,1.39,0.815,1.15,0.621,1.06,2.06,1.51,1.57,1.16,1.28,−1.51,1.25,1.61,1.62,1.55,1.36,1.52,0.832,1.45,1.41,1.31,1.26,0.965,1.16,0.584,1.72,2.43,1.93,2.37,4.24,6.44,5.73,4.49,4.89,3.26,1.31,2.12,1.29,2.87,5.2,2.68
Barbados,,,,,,,6.71,2.47,3.54,5.4,9.61,18.9,19.3,19,14.6,17.5,23.3,18.7,35.4,25.4,28,41.4,33.5,63.6,22.2,23.5,17.5,18.4,7.07,3.83,8.81,8.94,4.92,19.1,11.1,1.94,21.8,22.2,65.2,−2.23,6.8,1.21,17.8,79.5,113,−2.34,−3.29,68.9,34,42.9,56.7,,,,,,,,,,,,
Brunei,0.117,5.36,7.78,0.407,0.68,0.743,0.711,0.595,0.244,0.234,0.075,0.361,0.139,0.805,0.972,0.877,0.666,0.469,0.568,0.495,0.16,0.979,1.35,2.12,3.77,6.3,11.1,13.6,18.4,18,14.8,13.4,19.4,17.8,18,14.3,,,,,,,,,,,,,,,,,,,,,,,,,,,
Bhutan,,,,0.0416,0.0404,0.627,0.19,0.0369,0.5,0.346,0.703,0.453,0.595,1.58,1.79,5.96,8.84,7.7,8.02,12.3,19.4,22.5,25.4,27.1,35.5,42.6,73.4,71.1,67.9,68.2,74.2,97.5,96.9,119,139,132,106,109,94.1,115,80.2,90.5,97,115,111,119,137,87.5,99.4,101,138,166,224,188,177,131,68.8,157,142,233,262,164,248
Botswana,6.69,10.4,9.77,9.71,15.8,18,31.1,31.6,28.7,22.8,24,29.2,50.1,54.9,52.7,70,61.8,58.6,81,111,112,98.2,98.9,97.2,92.7,84,85.4,127,119,121,108,94.9,78.3,88.8,56.7,58.1,47.1,75.1,64.2,36,17.7,16.4,20.8,15.4,25.1,25.5,34.5,53.7,360,138,73.9,55.5,33.6,48.4,44,28.4,38.5,42.5,35,27.1,31,37.3,34
Central African Republic,0.0179,0.246,0.654,1.11,9.27,8.53,8.29,10.7,8.75,9.8,6.96,7.37,11.9,11.7,16.3,24,16.7,19.2,21.5,34.9,45.6,41.5,36.3,37,52.2,40.7,52.3,68.8,77,69.3,88.6,59.8,59.4,55.6,52.6,51.2,50.3,26.5,33.9,32.5,20.2,19.8,15.3,12.8,26.7,21.1,31.1,41,55,46.5,56,56.8,47.8,42.2,127,101,103,102,126,130,156,121,122
Chile,2.12,14.9,15.9,15.3,12.6,11.7,13.5,9.96,7.99,7.73,5.77,2.74,3.76,3.86,1.45,10.6,0.964,0.977,0.338,−2.64,−0.658,0.0473,−0.0694,0.712,0.951,4.01,0.298,2.27,4.02,5.23,8.18,9.22,9.91,12.8,10.9,11.1,13.5,8.83,7.17,4.69,3.29,3.6,−0.451,5.07,3.38,10.6,6.05,6.48,6.22,4.55,10.7,9.39,7.39,4.6,13.9,3.04,9.87,3.83,,,,,
China,,,,,,,,,,,,,,,,,,,,0.0174,0.0668,0.479,0.519,0.654,0.769,0.893,1.03,1.27,1.74,1.85,1.79,1.67,2.57,2.72,2.63,2.87,2.18,1.68,1.98,1.92,1.39,1.18,1.18,1.06,1.32,1.38,0.968,1.3,1.32,1.11,0.502,−0.449,−0.133,−0.482,−0.69,−0.222,−0.57,−0.709,−0.503,−0.432,−0.406,−0.399,−0.2
Cote d'Ivoire,0.035,0.876,2.25,2.08,9.03,8.6,7.7,7,8.88,9.45,9.6,8.93,8.07,10.1,11.5,14.5,15,14,16.8,20,25.3,14.3,15.2,16.7,12.8,11.8,16.9,22.6,38.5,34.4,57.6,50.9,58.9,57.3,115,84.8,65.1,29.1,61,27.4,20.9,10.8,60.4,14,8.67,4.81,12.7,9.43,19.3,107,40,66.7,132,56.7,40.2,27.6,25.4,33.4,37.7,44.9,58.3,57.4,70.1
Cameroon,0.0742,1.37,1.78,1.64,5,5.67,8.34,6.34,7.81,5.97,9.19,7.27,9.23,8.7,8.6,14.8,17.8,23,22.4,33.6,31.1,22.5,23.4,13.8,19.2,15.6,21.4,19.5,25.6,40.8,38.9,43.8,58.9,43.5,56.9,33.6,30.3,35.9,34.8,29.6,25,29.6,38.1,54.2,46.4,24.1,96.7,104,27.8,30.9,27.2,29.9,28.4,34.8,38.4,28.9,31.9,49.9,46.5,50.3,52.9,41.9,42.2
"Congo, Dem. Rep.",5.37,5.82,7.52,6.75,7.49,8.15,5.19,5.08,4.03,4.28,4.43,5.18,5.72,6.36,8.02,11.2,8.16,10.7,12.6,16,16.1,14.3,12.3,10.7,10.1,9.91,13.3,20.6,16.3,21,24.9,12.8,7.01,4.49,5.9,4.5,3.77,3.52,2.77,2.87,3.67,4.92,22.8,102,35,33.3,37.6,18.7,23.7,30.5,52.5,80.5,40.1,35.2,31.6,33,25.8,27.2,28.9,31.2,36.4,37.6,32.8
"Congo, Rep.",0.0189,0.175,2.76,4.94,15.1,13.1,20.3,14.7,16.2,12.7,11,11.9,15.6,17.4,23.9,34.4,43.6,28.2,45.9,50.4,49.8,43,48.1,55,48.2,33.5,50.5,62.8,38.4,39,91,54.3,45.6,47.9,136,46.3,153,93.4,22.1,46.6,10.3,22.7,17.2,20.2,32.7,388,67.7,25.6,114,64,296,57,29.7,31.3,21.5,17.5,16.8,20.1,26.9,31.7,37.8,35,119
Colombia,−0.458,3.24,2.94,4.13,2.38,2.18,4.44,4.93,5.91,5.21,6.37,4.86,4.69,5.77,3.8,3.01,2.84,1.65,2.3,1.54,1.61,1.99,2.25,1.56,1.74,1.79,1.68,2.67,2.56,2.35,3.1,3.95,7.03,3.07,2.61,5.05,5.32,5.12,4.73,8.25,5.16,10,11.3,19.9,12.9,15.2,23.5,17.1,22.4,23.9,15,22.4,16.7,18.5,26.2,28.8,23.2,17.6,36.1,17.4,36.7,37.2,36.3
Comoros,,,,,,,27.8,43.2,34.1,26.9,32.6,35.4,39.9,66.8,101,77,87.5,40.5,43.6,61.5,132,137,110,106,117,125,119,136,126,105,104,143,106,105,81.7,86,79.3,59.8,78.7,42,36,50.5,49.3,43.2,44.5,39,52.9,69,66.7,79.6,107,82.6,148,116,105,90.2,72,88.3,117,93,164,187,164
Cape Verde,,12.7,,,,,9.55,2.72,,0.0359,,,,,,28.4,78.1,84.2,112,103,195,151,157,170,181,189,302,242,233,232,289,274,305,293,298,281,277,258,295,305,207,168,195,303,295,330,279,287,399,381,627,477,460,454,424,278,206,218,148,263,271,247,139
Costa Rica,3.13,5.08,6.36,5.41,7.43,9.4,7.7,7.55,6.78,7.66,6.5,7.43,8.01,8.09,7.74,9.56,6.21,7.52,15.6,12.9,10.2,12.5,25,85.6,74,90.8,63.8,76.8,60.7,73.2,70.5,56.8,47.9,34.4,25.4,12.9,−0.0574,1,7.79,0.884,6.4,3.52,3.21,9.55,6.06,7.56,7.28,14.5,17.2,24.7,21.9,7.6,6.01,6.85,11.3,22.7,20.4,19.9,19.7,11,40.7,15.4,124
Cuba,0.0316,0.0256,0.00528,−0.022,0.0557,0.0719,0.0887,0.0882,0.076,0.15,0.205,0.275,0.389,0.558,1.62,2.06,4.76,4.65,4.93,4.9,4.62,2.78,3.54,3.69,3.55,4.14,4.08,4.73,5.88,5.4,4.88,3.45,2.3,4.05,4.33,5.82,5.22,5.95,7.26,5.36,4.06,4.91,5.56,6.83,8.86,8.02,7.3,8.57,11.1,9.98,11.7,7.72,7.58,8.78,23.1,49.2,238,64.8,66.2,43.9,46.8,13.5,12.3
Cayman Islands,,,,,,,,,,,,,,,128,115,145,98.6,206,45.2,87.1,55.3,30.4,19.4,17.1,3.28,88.8,94.9,505,49.4,115,−10.6,0,−15.3,−32.5,−17.4,−59.4,,,,,,,,,,,,,,,,,,,,,,,,,,
Cyprus,41.1,34,26,18.4,8.56,10.5,2.62,2.25,1.52,5.87,9.14,9.28,11.3,12.4,32.8,48.3,86.5,145,71.7,44.5,77.5,63.8,44.4,26.2,23.4,50.4,47.1,54.7,57.7,52.4,48.7,49.8,32.3,40.9,52.1,24.8,25.7,,,,,,,,,,,,,,,,,,,,,,,,,,
Djibouti,,,,,,,56.3,80.5,76.1,77.7,81.9,69.1,80.8,110,152,165,123,183,375,76.5,225,189,166,178,267,203,271,233,192,144,359,170,180,220,206,168,151,128,117,104,97.4,77.6,93.9,98.3,78.6,89.3,136,118,150,174,144,151,156,154,168,172,181,137,170,244,238,159,52.8
Dominica,,,,,,,,,,,,,,1.28,50.5,110,60.4,68.6,98.1,124,241,202,231,137,225,232,165,224,254,341,283,255,184,129,283,361,624,211,281,145,224,289,434,160,429,307,286,255,305,510,472,356,373,292,235,167,122,273,380,719,893,1090,818
Dominican Republic,0.0546,0.044,6.27,13,6.27,20.4,13.1,14.3,10.2,7.9,7.85,5.3,5.19,4.04,3.3,3.97,4.64,2.8,3.68,8.18,12.3,11,16.4,9.98,23.4,26,10.7,17.1,16,18.8,12.8,10.6,10.7,0.542,7.59,13.7,10.3,7.92,13,22.1,7.18,13.5,18.3,9.61,11.5,10.4,8.08,15.5,18.7,14.5,19.8,24.5,25.9,14.5,16.2,26.9,16.8,11.1,8.29,12,34,40.3,32.7
Algeria,31.2,37.8,33.8,23.6,18.7,11.8,10.1,8.35,9.07,9.73,8.86,8.57,7.64,8.46,8.47,15,8.81,7.54,10.8,6.1,10.9,8.63,6.73,4.51,5.65,7.78,7.31,9.05,7.09,6.36,13,8.08,14,11.9,10.6,10.4,10.6,8.41,14,4.55,6.5,6.37,5.89,7.46,9.75,10.5,7.2,11.6,9.4,8.3,5.61,5.29,3.95,5.35,4.14,1.8,3.58,4.25,3.45,4.03,4.83,4.85,4.79
Ecuador,1.45,2.48,2.74,3.22,3.67,3.92,4.62,4.81,3.87,2.93,3.09,3.42,2.93,4.38,4.07,5.47,6.22,4.31,4.04,7.34,4.06,4.09,4.67,5.51,7.58,8.55,10.1,19.7,15,13.7,13.8,18.5,20.3,16.7,16.9,16.2,20.2,13.2,14.8,12.3,12.3,13.3,17.9,15.2,13.6,18.7,15.3,16.2,17.2,15.2,11.2,11.9,9.56,9.57,10.3,19.6,14.8,12.6,23.7,29.2,19.5,16.9,20.9
Egypt,6.6,4.24,6.6,7.08,7.84,3.98,3.08,1.02,0.774,0.291,4.91,3.9,3.85,23.9,36.3,64.8,61.4,65,64.9,36.9,31.6,28.9,31.6,30.8,36.3,35.5,32.5,32.6,27.6,29.5,106,92.3,62.3,40.5,42.9,31.6,33.5,30,28.8,23.2,19.2,17.8,17.6,13.4,19.4,13.2,11.3,14.3,20.7,11.4,6.87,4.75,19.9,59,37,25.8,24.4,0.325,20.1,16.2,14.5,72.7,52.4
Eritrea,,,,,,,,,,,,0.023,,0.45,1.52,1.12,,1.39,3.14,2.57,2.82,3.29,2.57,2.5,2.43,,0.513,1,0.975,,2.09,,0.521,34.2,75.5,68.7,69.6,53.9,72.7,63.6,74.4,116,89,119,95.4,124,43.8,43.3,38.5,44.3,51.6,41.6,41.8,24.7,25.3,28.1,19.9,23.3,24.5,76,17.2,12.1,14.9
Ethiopia,0.706,0.941,1.18,1.06,0.664,0.846,1,1.06,1.58,1.41,1.4,1.61,1.58,2.16,3.71,4.09,4.23,3.42,4.07,5.48,6.04,6.84,5.36,8.84,9.17,17.8,15.2,14.5,21.7,15.8,21.1,21.9,22.4,20.1,19.1,15.3,13.8,9.45,10.5,9.88,10.3,16,18.6,22.2,24.3,24.9,25.5,27.2,32.8,32.1,38.7,38.1,34.3,40,35.9,31.6,38.8,38.1,44.5,41,45.3,33.8,39.9
Fiji,2.69,2.44,25.3,10,7.56,9.3,8.52,5.72,12.3,16.9,13.2,19.8,15.4,26.1,26.2,33.6,39.5,38.3,42.9,48.8,55.6,60.8,51.7,45.6,43,43.1,56.1,47,68.4,52.5,63.1,57.1,79.7,75.8,49.5,54,58.7,55.3,45.3,42.7,35.3,31.1,40.2,59.7,75.6,75.5,63.2,57.1,50.3,73.7,83.8,83,116,99.9,103,112,128,159,132,140,211,659,385
"Micronesia, Fed. Sts.",,,,,,,,,,,,,,,,,,,,,,,,,,,,,,,,4.58,128,586,943,667,1020,760,661,922,873,1210,989,1000,766,945,963,1020,838,1120,593,1210,1320,1320,1070,744,462,889,891,831,1530,1160,1320
Gabon,0.039,1.08,5.02,7.62,27.5,23.8,24.3,26.6,23.2,32,39.8,38.9,43.1,61.7,37.9,91.1,50,39.1,61,50.2,74.2,56.1,78.3,78.2,90.3,70.9,89.3,90.9,114,138,133,141,66,94.7,166,128,110,32.9,36.9,38.5,9.31,6.61,53.4,−7.92,28.3,34.5,20.8,34.3,40.1,47.1,62.1,39.2,37.5,45.8,56.6,48.7,20,49.7,53.4,51.6,23.2,42.1,55.8
Georgia,,,,,,,,,,,,,,,,,,,,,,,,,,,,,,,,0.0434,4.18,21.3,36.7,44.9,68.9,55.6,49.2,59.4,42.2,73.3,79.7,57.9,80,75.2,92.1,80.7,183,167,156,145,177,174,152,121,124,120,158,132,280,207,101
Ghana,0.425,0.418,0.77,2.41,2.65,5.9,7.75,5.51,7.39,8.26,6.67,6.24,6.25,4.24,3.66,12.2,5.86,8.33,10,14.6,16.1,11.8,11,8.35,16,14.2,25.7,28.6,39.2,47.5,36.2,55.5,37.8,37.7,32.1,37.3,36.5,27.1,37.6,31.8,30.5,31.9,33.2,46.2,64.8,51.2,53.5,38.9,42.7,53.6,66.4,68.8,67,48.3,39.8,61.3,44.6,41.8,34.6,28.9,68.5,37.7,31.2
Gibraltar,21.5,39.7,19.3,−0.439,21.8,44.3,73.1,109,35.1,52.7,99.3,141,153,227,238,108,105,157,124,228,388,257,108,117,381,1010,730,515,578,16.3,20.5,95.2,117,−0.369,20.9,7.66,−8.73,13.4,7.96,1.08,,,,,,,,,,,,,,,,,,,,,,,
Guinea,0.0455,0.707,2.8,6.28,3.75,6.25,3.67,2,1.5,3.24,2.43,2.22,1.1,2.52,4.39,5.31,2.23,4.78,12.3,11.4,17.8,21,22.3,12.6,22.3,20.4,29.7,37.9,42.7,59.2,45.9,57.1,65.5,58.2,49.3,55.7,38.8,48.6,45,29.1,18.4,34.2,29.6,28.6,30.7,21.1,18.6,21.6,32.5,24.2,21.5,19.2,58.7,42.3,49.7,46.4,47.5,38.6,52.1,43.6,55,43.8,36.1
Gambia,1.35,3.48,6.04,11.8,5.71,9.26,7.61,6.2,11.7,7.14,2.48,6.49,8.71,11.2,17.1,13.1,17.2,32.6,50.8,49.4,73.3,90.7,60,50.8,62.7,56.1,114,112,86.6,98.7,93.5,91.9,96.6,72.7,57.1,36.6,28.2,29.5,29.1,24.6,34.5,35.6,42.4,40.4,38,36.6,43.9,53.2,47.5,57.9,62.5,67.9,67.4,52.8,45.8,50.6,39.7,119,95.8,75.6,117,93.9,101
Guinea-Bissau,,1.39,,,,,4.93,0.889,,0.119,,0.185,,0.0166,16.1,31.5,35.4,52.3,62.5,63.9,69.9,75.9,73.6,72.2,61.4,62.7,75.8,120,107,120,130,114,105,89.5,160,105,158,107,81.1,43.6,65.9,48.3,46.6,110,57.8,48.4,62.4,75.3,79.9,88.2,82.3,75,48.6,62.2,63.2,53.2,107,60.3,79.8,57.2,73.2,82.1,70.6
Equatorial Guinea,,,,,,,,,,,,,,3.39,54.7,7.7,1.52,3.1,2.18,9.6,32.7,34.5,44.2,33,41.8,45.2,51.3,128,111,125,129,129,123,101,55.1,59.6,52.9,39.5,35.2,30.9,31.1,18.4,26.7,26.5,35.3,44.1,28.9,34.7,33.8,32.1,77.7,21.4,12.1,3.72,0.401,5.56,4.95,4.78,4.47,40.4,3.82,7.81,6.67
Grenada,,,,,,,,,,,,,,0.511,19,28.3,28.1,34.7,27,29.8,40.6,63.6,63.7,75.6,276,342,237,190,201,148,139,165,128,77,229,104,113,84.1,58.9,97.4,157,105,94.4,99.1,142,477,242,156,275,382,297,105,66.1,107,337,203,71.5,48.3,261,120,563,547,−747
Guatemala,4.03,3.64,2.28,2.35,2.62,2.91,2.11,3,3.21,2.54,2.66,2.14,3.32,3.14,3.7,4.9,7.98,6.59,4.89,6.16,6.09,5.45,6.03,7.64,6.33,9.64,15.1,28.6,24.6,27.1,20.5,20.6,20.8,22.4,19.5,20,17.4,23.8,20.8,24.8,22.5,19.1,20.8,20.9,18.4,20.8,37.9,34.5,39.3,27.2,28.2,24.3,20.6,33,18.3,26.4,16.8,22.8,24.4,23.4,28.1,30,25.2
Guyana,13.2,15.9,13.8,9.91,7.97,10.8,13.1,16.8,22.1,26,24.1,23,17.3,11.1,16.5,13.5,29.2,15.2,33.9,38.1,34.2,66.6,31.4,19.5,12.6,13.9,31.4,31,30,52.6,221,172,90.6,118,90.9,90.6,118,312,99.6,73.4,83.8,84.1,62.2,77.9,133,133,171,99.9,152,137,142,142,154,135,214,42.6,92.2,67,133,140,65.4,173,246
"Hong Kong, China",1.87,1.62,0.578,1.59,0.0799,1.18,0.68,0.712,0.347,0.334,0.356,0.897,0.701,0.215,0.235,−0.256,0.593,0.452,0.503,2.42,2.15,1.84,1.51,1.64,2.55,3.75,3.34,3.47,3.93,7.14,6.69,6.27,−6.72,5.13,4.45,2.88,2.05,,,,,,,,,,,,,,,,,,,,,,,,,,
Honduras,2.59,3.43,2.67,3.23,4.59,4.86,3.93,3.45,6.18,4.59,5.01,4.09,5.52,4.58,6.22,11.6,8.95,9.4,14.1,19.2,23,22.6,30.4,35.4,50.5,54.2,59.2,54.2,61.4,49.8,81.3,57.6,58.9,52.5,45.3,64.5,39.9,44.8,44.9,117,60.1,82.2,54.4,44.1,73.1,85.8,66.9,45.8,50.7,44.6,55.7,41.7,64.4,69.8,66.4,58.2,43.6,45.9,67.9,45.4,117,60.1,75.3
Croatia,,,,,,,,,,,,,,,,,,,,,,,,,,,,,,,,,0.00219,,23.6,11.5,29.3,8.9,8.69,10.7,14.7,26.1,30.4,28,27.8,28.6,45.6,37.8,55.9,39.2,30.6,,,,,,,,,,,,
Haiti,2.66,3.57,1.36,0.762,0.956,1.44,1.03,0.993,1.29,0.901,1.43,1.24,1.44,1.58,2.56,8.11,10.5,12.2,13.7,13.5,16.8,16.7,19.3,19.5,18.9,22.1,27.8,32.3,20.5,27.4,22.5,24.1,13.9,16.4,82.2,85.8,42.6,35.5,43.5,26,21.7,20,17.5,21.2,31.3,40.2,57.4,62.1,83.6,97,294,151,126,112,104,99,100,90.3,92.4,62.4,78.5,83.1,76.9
Indonesia,0.94,1.25,1.69,1.13,0.678,0.424,0.825,2.18,2.99,2.93,4.03,4.94,4.07,4.79,5.08,5.1,4.78,3.63,4.43,4.95,6.32,6.36,5.76,4.63,4.09,3.56,4.14,7,8.88,9.88,8.74,9.67,10.2,9.78,7.72,6.32,5.25,3.9,6.09,10.1,7.69,6.72,5.89,7.79,0.432,10.9,5.31,2.48,3.07,2.85,5.42,1.45,0.276,0.274,−1.49,−0.11,−0.414,1.06,3.6,−2.57,4.45,2.29,2.41
India,1.64,1.35,1.45,2.05,2.49,2.57,2.45,2.65,1.73,1.66,1.48,1.76,1.05,1.31,2.02,2.57,2.74,1.52,1.7,2,3.14,2.77,2.24,2.45,2.18,2.03,2.49,2.08,2.34,2.07,1.6,3.08,2.67,1.58,2.46,1.8,1.94,1.64,1.58,1.43,1.31,1.6,1.58,0.645,0.685,1.62,1.18,1.04,1.6,1.62,2.28,2.6,1.32,1.9,2.29,2.4,2,2.36,1.8,1.84,1.29,2.23,2
Iran,1.27,5.9,2.5,1.18,0.178,0.868,0.446,1.23,0.312,0.616,0.736,0.258,0.295,−0.121,0.285,0.0463,−0.161,1.11,6.75,0.157,0.731,0.12,−0.0148,0.97,0.171,0.242,0.538,1.4,1.56,1.7,1.91,3.34,1.78,2.35,2.17,3.07,2.67,3.21,2.59,2.5,1.98,1.72,1.7,1.93,2.73,1.43,1.64,1.43,1.37,1.24,1.49,1.39,1.96,1.68,1.02,1.36,1.39,1.66,1.94,2.36,2.7,3.45,3.27
Iraq,0.205,0.0936,0.291,0.667,1.61,1.3,0.478,0.461,0.25,0.453,0.822,1.61,2.16,1.22,0.376,9.5,1.69,6.59,5.77,2.18,0.91,18.7,0.25,0.461,−0.129,1.26,1.75,5.2,0.383,0.623,3.57,31,7.51,8.74,12.5,15.9,16.2,9.94,5.11,3.22,4.13,4.83,4.32,84.5,167,769,308,321,338,91,69.7,59.1,38.4,43.4,37.3,39.3,59.1,73.4,56.7,50.3,55.4,41.6,35.3
Israel,49.8,49.1,46.4,47.8,38.8,47.9,42.3,25.7,22.1,19.2,21.2,23.5,27.1,56.8,34.8,135,182,221,244,313,230,195,213,328,302,467,451,286,279,264,294,353,403,241,229,60.5,389,,,,,,,,,,,,,,,,,,,,,,,,,,
Jamaica,,6.06,7.48,2.02,2.32,5.65,5.78,5.45,8.86,7.23,5.65,9.52,8.85,7.93,10.7,10.1,9.7,12,54.7,54.3,51.9,63,73.9,76.6,73,72.4,75.3,68.8,78.5,109,114,68,50.5,42.7,48.8,45.6,24.6,29.9,8.97,−6.64,5.41,22.4,10.8,3.98,32.6,16.3,15.1,11.7,33.1,55.9,51.6,14.9,10.2,25.8,34.5,21.1,9.58,21.9,35.7,44.5,23.7,20.7,33.6
Jordan,104,103,87.4,84.5,73.4,63.1,65.6,42.3,33.5,33.1,51.4,39.3,64.1,116,170,261,295,220,228,683,711,541,376,340,267,221,220,214,151,102,273,256,110,76.3,87.4,121,110,100,85.4,87.9,110,87.2,107,245,109,125,94.4,97.9,111,108,138,137,160,182,312,226,274,292,242,251,285,309,176
Kazakhstan,,,,,,,,,,,,,,,,,,,,,,,,,,,,,,,,6.78,0.734,0.937,3.25,3.72,7.61,8.1,14,11.3,12.4,10.1,12.7,19.4,18.1,14.9,11.7,16.9,21.4,17,13,12.1,7.85,5.33,5.37,4.66,3.53,3.3,4.38,2.9,3.94,3,3.76
Kenya,2.72,7.86,5.87,6.39,6.27,7.66,5.65,3.6,5.72,5.06,5,5.62,5.83,7.44,8.83,9.14,11,11,16.3,22.3,24.4,26.7,27.8,21.9,21.8,21.9,22,26.7,38.5,47.3,51,38.3,35.9,36.1,25.9,27.3,21.6,15.8,14.3,10.4,16.7,14.9,11.8,15.5,18.9,21.1,25.5,32.1,31.9,42.1,39.3,58.1,60.7,73.8,58.1,52.6,45.7,50.7,49.9,62.3,76.7,59.9,49.1
Kyrgyz Republic,,,,,,,,,,,,,,,,,,,,,,,,,,,,,,,,,4.67,21,37.9,53.7,44.1,40,41.1,42.1,39.5,26.2,31.8,34.6,40.5,46.1,51.8,39.7,54.2,47.3,68.3,79.4,83.9,94.3,107,130,85.4,75,69.4,68.7,72,66.8,105
Cambodia,4.92,4.44,3.83,4.02,2.1,1.58,1.85,2.17,1.56,1.9,2.81,6.01,9.92,21.3,44.5,12.1,0.114,0.0497,0.0453,17.8,43.3,17.7,5.42,5.67,3.06,1.88,2,2.08,2.45,2.88,4.64,9.69,20,28.8,27.9,46.3,34.4,28.4,26.4,21.1,28.5,29.7,32.4,34.7,31.3,34.2,35.3,42.5,41.5,43,47.4,47.5,54.6,53.9,52.8,44,46.6,54.1,48.9,59.6,83.8,82.4,92.3
Kiribati,0.425,5.39,6.46,8.07,5.38,8.05,11.4,26,23.1,24.5,38,43.4,70.6,98.5,92,93.3,66,103,171,152,313,247,240,256,177,177,194,250,222,231,257,250,327,193,178,178,156,187,203,240,191,122,218,172,151,271,255,270,260,237,220,587,588,574,701,557,513,641,655,456,459,565,694
St. Kitts and Nevis,,,,,,,,,,,,,,0.226,81.7,36.5,58.5,46.8,47.2,40.9,144,88,74.8,66.4,85.2,106,132,179,341,328,200,185,197,260,148,91.7,158,166,151,106,87.8,220,607,1.94,−1.72,55.9,112,74,995,68.7,242,331,456,629,,,,,,,,,
South Korea,10,8.89,8.91,9.62,6.14,7.68,7.84,8.6,7.77,10.7,8.52,9.87,10.9,8.27,7.27,7.01,6.03,6.51,4.44,3.57,3.64,8.53,0.859,0.191,−0.913,−0.216,−0.426,0.256,0.221,1.22,1.22,1.26,−0.0709,−0.794,−2.56,1.26,−3.27,−3.47,−1.09,−1.18,,,,,,,,,,,,,,,,,,,,,,,
Kosovo,,,,,,,,,,,,,,,,,,,,,,,,,,,,,,,,,,,,,,,,,,,,,,,,,,435,294,324,314,313,320,245,208,219,192,193,304,254,216
Kuwait,,−0.471,−6.56,−2.4,−1.89,−2.49,−2.55,−2.32,0.0147,0.444,0.436,0.594,0.646,0.402,0.369,0.301,0.163,0.409,0.707,0.828,6.86,5.98,3.55,2.97,2.46,2.23,2.52,1.65,2.79,2.14,7.68,8.78,4.03,1.23,2.72,2.56,,,,,,,,,,,,,,,,,,,,,,,,,,,
Lao,15.7,23.8,14.1,16.1,19.7,28.7,28.4,29.7,23.5,25.6,25.9,26.2,23.7,25.7,20,11.9,9.17,10.1,21.7,16.2,13.7,12.4,11.6,8.92,9.19,9.56,10.5,13.7,17.2,25.5,24.3,24.6,31.3,33.1,39.8,50,49.3,47.2,40.5,47,43,37.1,41.8,44.6,40,41.2,51.7,51.1,68.1,55,61.6,58,63.1,64.1,70.9,69.4,58,68.6,82.9,86.2,72.3,77.5,72.7
Lebanon,7.46,6.91,4.81,4.15,1.46,3.8,3.92,3.94,8.42,3.97,8.39,2.49,5.99,4.53,52.9,5.31,12.8,39.3,73.2,42.5,100,150,60.9,40.5,24.4,25.5,18.8,29.8,41.7,33.4,79.5,34.2,29.4,36.8,58.6,48.3,58.3,63.6,81.6,45.8,46.6,45.3,45.9,119,58.3,49.7,174,204,219,111,89.1,94.2,137,109,131,151,180,213,239,214,251,250,260
Liberia,8.72,23.1,66.2,27.8,12.5,27.4,28.8,18.9,11.8,11.5,8.81,8.49,8.38,6.5,8.94,12,15.4,18.4,25.6,42.9,50.2,54.4,52.9,55.6,60,40.4,42,32.9,26.3,24,51.5,81.3,58.3,57.4,29.8,57.5,78.3,31.8,27.3,33.7,23.3,12.9,18,34.6,68.3,68,75.5,81.2,329,120,352,182,131,121,166,237,174,132,121,117,128,117,91.4
Libya,30,24.8,20.9,16.4,11.3,4.64,1.15,1.13,3.78,3.91,2.25,1.72,3.52,5.91,5.2,0.676,2.89,2.49,1.93,1.22,4.09,1.51,33,1.53,1.3,1.42,2.83,1.57,1.37,2.37,1.97,1.73,0.738,0.631,0.851,1.23,0.782,0.812,1.11,0.929,,,,,,4.08,6.28,3.18,11.9,6.3,1.17,104,14.8,21.5,34.5,25.4,28.6,67.7,46.8,44.8,44.5,51,38.7
St. Lucia,,,,,,,,,,,,,,0.832,68,79.2,63.4,38.1,31.6,17.8,71,92.6,64.7,53.6,43.3,52.6,86.5,78.3,130,133,86.5,160,185,172,209,317,251,164,39.6,163,69.5,102,206,95.4,−132,64.6,112,93.5,92.7,227,241,205,155,146,111,78.3,86.3,86.8,48.1,180,548,556,186
Sri Lanka,1.13,1.12,1.27,1.03,0.824,1.35,2.64,4.03,4.39,4.11,3.97,4.35,4.3,4.2,5.74,10.4,11.5,12.4,20.7,21.1,25.5,24.1,25.7,28.1,27,27.3,31.1,25.9,34,31.9,35.8,42.4,29,30.5,28.5,25.9,19,13.8,17.3,9.75,11.8,14.1,13.1,27.2,21,52.8,34.5,21.6,27,22.7,27,29.4,23.4,19.1,23.1,20.9,17.4,14.7,−11.4,8.79,9.95,6.96,0.498
Lesotho,2.11,5.44,7.56,6.97,6.78,11,14.1,15,13.8,13.2,9.51,15.6,12.6,12.3,17.5,23.4,22.7,28.3,37.1,47.3,66.2,71.3,62,69.4,62.6,57,51.4,61.7,62.8,76.1,77.3,67.4,77,75.9,60.5,58.2,52.8,46.4,31.1,15.9,18.6,27.8,38.5,39.7,48,34.6,36,59.1,62.5,55.3,127,126,134,155,51.1,40.8,52.3,67.1,70,63,75.8,78.5,66.5
"Macao, China",10.1,6.72,,5.27,,,1.57,0.622,0.73,0.291,0.849,0.961,0.362,0.484,0.121,0.081,,,,0.0814,18.1,0.0402,2.8,2.1,1.63,1.46,1.2,0.449,1.08,0.978,0.657,0.331,0.349,0.473,0.746,−10.1,0.791,0.874,1.19,0.752,,,,,,,,,,,,,,,,,,,,,,,
Morocco,5.08,9.21,6.43,7.43,7.77,7.97,7.15,4.41,6.4,5.22,5.6,8.45,6.31,5.71,6.79,15.6,14.2,33.3,23,28,59,51.7,41,21,15.6,38.8,18.7,18.3,20.4,20.7,50.5,61.3,37.5,30.2,26.1,18.8,24.1,17.2,19.1,24.2,15.7,17.1,12.4,19.7,26,24.1,35.7,39.1,46,32.9,30.4,43.8,44.1,59.4,65.4,43.8,58.7,68.3,22.8,20.7,49.8,26.1,37.8
Moldova,,,,,,,,,,,,,,,,,,,,,,,,,,,,,,,,,,,,,,22.2,13.6,36.6,41.9,40.9,49.1,41,41.4,58.7,78,77.9,95,78.1,165,161,166,122,181,110,93.5,88.3,95.9,128,199,230,348
Madagascar,0.522,0.286,0.934,1.51,8.45,8.79,8.04,7.15,7.75,7.06,7.22,6.85,7.76,7.22,8.38,10.6,7.71,7.39,10.7,15.8,25.7,25.3,25.4,18.6,15,17.9,29.3,30.4,26.4,30.1,33.4,37.2,28.6,27.7,21.4,21.6,24.8,56.7,31.8,23,20,22.4,21.7,30.8,68.6,48.8,40.5,34.5,30.8,18.9,22,20,16,21.2,24.3,27.3,24.4,29.8,28.1,26.6,46,36.9,33.8
Maldives,0.327,2.77,4.98,3.04,2.77,1.15,18.3,3.29,2.5,1.42,1.95,6.69,4.89,4.3,4.39,22.7,20.4,24,51.9,39.2,127,74.7,30.1,55.4,28,44.7,77.2,74.9,120,124,69.6,116,129,108,109,203,100,87.3,90.7,109,64.2,77.6,73.7,57.2,88.1,236,108,91.4,148,70.2,244,133,146,54.2,54.1,55.1,50,98.4,268,141,605,216,227
Mexico,0.214,2.26,0.96,0.0765,−0.55,1.15,0.82,0.789,0.575,0.445,0.595,0.324,0.396,0.239,0.387,0.368,0.339,0.297,0.271,1.02,0.995,1.61,2.12,2.08,1.27,2.02,3.53,2.28,2.26,1.43,2.18,3.48,3.99,5.15,5.1,4.56,3.33,1.22,0.317,0.477,−0.413,0.995,1.34,1.13,1.31,1.9,2.3,1.04,1.35,1.68,4.04,8.47,3.52,4.79,6.86,2.67,6.66,6.14,4.43,4.2,6.3,4.45,3.89
Marshall Islands,,,,,,,,,,,,,,,,,,,,,,,,,,,,,,,,5.95,116,616,930,659,1360,1010,799,1100,875,1240,1020,957,917,1040,1020,987,989,1140,467,1600,1610,1830,1100,1150,260,1540,1180,1480,4220,2550,3380
North Macedonia,,,,,,,,,,,,,,,,,,,,,,,,,,,,,,,,,,1.66,52.6,39.7,52.8,49.2,52.3,137,124,122,136,132,131,113,101,104,107,103,99.8,99.3,76.5,102,111,112,88.3,79,90.2,74.5,152,184,122
Mali,0.015,0.45,1.74,1.28,3.05,3.77,4.3,2.92,4.67,3.83,3.59,4.78,5.96,10.9,17.6,21.5,12.8,15.9,22.2,26,36.1,30.3,27.1,27.8,39.8,46.2,45.4,42.5,50.5,51,53.6,49.3,46.2,38.9,45.3,54.5,48.4,41.4,32.7,32.5,25.6,30.4,35.2,45.1,45.9,55,63.8,61.8,58.7,54.5,70.3,79,60.3,82.2,70.4,66.3,64.4,70.4,78.1,88.3,73.8,65.6,53
Malta,37.8,30,27.3,53.4,61,51.9,55.3,51.7,54.7,49.5,64.6,53,49.7,91,71.3,111,99.2,102,127,165,50.3,155,77,133,34.5,54.5,20,−4.15,−8.15,−14.9,15,59.9,12.6,83.1,113,24.4,190,58.5,56.8,64.8,54.4,4.33,27.9,,,,,,,,,,,,,,,,,,,,
Myanmar,1.64,0.963,1.26,1.81,0.9,0.705,0.675,0.504,0.596,1.07,0.844,1.46,1.55,2.42,2.24,1.8,2.1,2.91,6.71,10.4,8.8,7.64,8.1,7.95,6.71,8.45,9.92,8.22,10.3,3.78,3.85,4.29,2.77,2.48,4.18,3.74,1.14,1.39,1.63,1.8,2.32,2.73,2.56,2.66,2.61,3.03,3.03,4.04,11,7.26,7.19,7.63,10,77.7,27.1,22.7,29.6,29.5,32.5,38.5,53.7,28,18.5
Montenegro,,,,,,,,,,,,,,,,,,,,,,,,,,,,,,,,,,,,,,,,,,,,13.3,32.8,6.28,155,159,144,116,129,204,166,189,161,161,138,190,251,154,330,215,166
Mongolia,,,,,,,,,,,,,,,,,2.22,2.16,2.1,2.05,1.41,1.38,1.35,1.1,1.13,2.69,3.31,2.32,1.85,2.87,6.04,31.6,45.1,47.1,67.9,65.7,70.1,77.1,71.4,72.7,75.7,74.1,73.6,84.9,86.5,76.3,70.7,73.3,81.1,91.8,106,123,160,151,109,79.7,107,247,105,96.1,213,84.2,83.7
Northern Mariana Islands,575,670,867,1780,1120,1780,1710,1890,2860,4630,4750,4720,4490,4660,5050,5330,5740,5760,6250,6770,6200,6850,7150,5230,6450,4960,6540,4760,3590,3460,1300,581,154,1860,48.1,−14.4,−29.4,11.3,2.92,1.57,,,,,,,,,,,,,,,,,,,,,,,
Mozambique,0.00295,0.519,0.0127,0.0236,−0.00543,,0.891,2.29,0.00249,0.00365,0.00951,0.0139,0.0147,0.0121,0.0734,2.1,6.97,7.7,9.69,12.9,14.6,12,17.2,17,20.5,23.3,32.5,51.3,70.7,61.5,75,78.5,106,82.8,80.5,68.2,55.1,57.4,61.5,47.2,51.1,52.8,119,54.7,63.2,63.8,79.2,71.5,78.4,80.2,84.2,86.9,84.6,91.6,80.9,67.8,55.4,63.2,62,60.8,82,71.2,77.6
Mauritania,0.0477,1.17,2.53,1.78,12.9,9.63,21.8,12.2,19.9,10.9,6.69,12.6,11.2,25.2,77.5,63.9,154,129,169,116,116,144,117,109,102,119,128,105,96,128,118,105,93,151,116,96.7,112,96.2,65,85,83,102,129,90.5,66.1,62.7,70.2,87.9,127,101,109,108,113,78.7,67.8,83.5,75.8,70.1,105,90.5,144,93,69.2
Mauritius,0.783,8.08,6.13,8.08,2.92,2.91,5.7,6.61,12.1,6.65,7.28,11,12.4,15.9,28.4,31.9,18.8,24.3,46.9,33.7,34.3,59.4,48.1,40.1,33,26.1,52.5,60.4,54.9,57.4,83.4,62.9,42.1,24.4,13.3,21.2,17.9,36.6,34.8,35.6,17.5,17.8,19.8,−12,26.9,28,15.5,56.3,87.9,126,99.6,148,141,116,35.4,62.1,33.5,11.6,54.7,17.6,265,232,60.4
Malawi,1.15,2.22,3.06,4.23,8.16,8.29,7.57,6.99,10.7,6.09,7.95,6.65,7.43,5.93,8.06,11.9,11.3,14.1,16.9,23.5,22.5,21,17.7,16.4,24.7,14.7,24.6,33.2,42.9,45.5,52.5,55.9,57.1,48.5,46.5,43,47.8,32.7,40.5,40.7,39.9,35.8,32.2,43,40.9,45,55.1,49.3,62.8,48.4,69.1,52.7,75.1,70.7,56.5,62,71.3,85,69.6,61.9,75.1,59.2,65.9
Malaysia,1.7,2.34,2.62,1.48,1.94,2.44,3.23,2.41,2.61,3.06,2.56,4,4.64,4,6.03,8.45,5.25,5.76,6.35,9.68,10.2,10.5,9.68,12.3,22.1,15,12.2,22.6,6.17,8.08,26.6,16,10.9,4.93,3.35,5.3,−22.1,−11.3,9.25,6.52,2.12,1.25,3.7,4.46,11.8,1.13,9.1,7.46,5.65,4.96,−0.214,1.4,0.618,−3.76,0.651,−0.0193,−1.64,−0.915,−1.06,−0.0893,−0.156,0.429,0.144
Namibia,,,,,,,,,,,,,0.025,,,,,,,,,,,0.00968,,4.82,12.9,14.2,18.3,45.4,87.4,127,97.4,101,88,119,113,97.5,104,100,83.8,59,71.5,77.5,90.4,57.8,75.2,110,101,160,124,130,116,118,101,62.4,73.3,80.5,66.3,59,72.4,72.2,127
New Caledonia,,,,,,,184,120,159,159,204,319,438,581,474,488,347,574,836,1070,1410,1050,1090,1220,861,941,1310,1760,1600,1690,1770,1770,1990,2140,2160,2330,2010,1680,1650,1500,,,,,,,,,,,,,,,,,,,,,,,
Niger,0.0114,0.552,1.18,1.18,3.77,3.73,5.29,5.13,6.94,7.35,6.75,8.52,8.78,14,25.9,25.7,22.9,16.8,26.7,28.8,26.8,30.1,39.2,25.7,22.6,41.4,41,46.4,47.2,36.7,46.3,42.8,40,36.8,39.3,27.8,24.8,31.8,26.9,16.7,18,21.5,23.7,37.3,41,37.8,37.7,31.3,35.8,26.9,44.5,37.3,49.6,42.7,47.4,43.2,45.5,56.3,58,61.4,79.3,71.6,77.6
Nigeria,0.726,0.663,0.662,0.433,0.92,1.51,1.34,1.4,1.29,1.57,1.94,1.88,1.43,1.28,1.19,1.29,0.801,0.631,0.585,0.364,0.472,0.522,0.452,0.589,0.398,0.379,0.677,0.768,1.31,3.71,2.68,2.64,2.58,2.81,1.8,1.95,1.7,1.76,1.74,1.27,1.41,1.33,2.31,2.33,4.23,45.6,79.2,11.1,6.3,7.43,12.8,10.9,11.3,14.4,13.8,13.2,13.2,17.3,16.7,16.1,16.2,16.5,20.3
Nicaragua,4.65,5.09,3.92,3.97,4.59,4.44,5.87,5.08,4.94,6.84,9.16,5.94,4.23,10.3,11,9.52,8.99,7.8,9.21,25.8,55.5,28.2,27.7,26.2,28.5,26.8,38,36.8,54.7,58.6,78,185,138,70,116,121,184,72.3,101,118,98,159,79.1,139,205,120,113,121,111,103,87.3,90.3,88.3,81,69.6,72.7,67.5,86.8,53.8,58.2,68.2,110,162
Nepal,0.848,1.04,0.855,1.5,1.77,1.59,1.34,1.21,0.911,0.886,1.87,1.79,2.21,2.43,2.1,2.87,3.02,4.89,4.72,8.33,9.66,10.3,10.8,10.4,9.18,10.7,14.5,17.6,19.6,21.7,18.2,18.6,18.8,14.1,17.6,17.1,14.5,13.6,13,12.1,12.7,13.9,13.2,17.6,16.5,15.5,17.1,18.8,20.5,21.9,28.3,27.5,28.2,31.9,32.2,44.3,38.2,45,50.9,46.2,59.9,53.2,39.6
Nauru,,,,,,,,,,,,,,,,1.39,,1.34,,2.64,3.93,3.9,2.61,3.83,3.69,6.01,4.69,6.85,20,5.37,16.7,38.4,40.5,41.1,1080,245,314,253,204,631,385,701,1130,1560,1330,896,1700,2490,3050,2290,2710,3650,3410,2690,2060,2790,1980,2210,3150,4480,2290,2700,2800
Oman,0.466,0.604,0.79,0.633,6.99,3.1,1.02,1.51,0.0785,0.0612,0.104,2.96,13.9,30.9,225,178,207,419,66.4,253,216,234,120,59.1,83.6,57.3,71.9,29.3,3.14,14.4,37.8,6.91,20,62.6,72.9,34.6,37.5,44.7,244,23,34,3.5,32,26.4,40.6,7.57,21.1,82.1,28.2,8.08,−7.5,,,,,,,,,,,,
Pakistan,5.52,5.37,7.89,9.85,10.1,9.62,7.07,8.88,6.96,5.69,7.1,7,4.87,4.39,7.08,10.7,14.4,8.19,8.45,9.07,14.4,9.52,9.9,7.28,6.65,6.88,8.03,6.4,10.8,10.7,7.87,9.59,6.92,6.58,9.19,3.76,5.01,4.83,5.67,4.1,3.56,11.2,12,6.25,7.78,8.47,11.6,6.11,5.75,7.29,15.1,18.7,9.98,10.7,17.4,17.8,13.9,10.9,6.31,9,11.4,12.6,7.81
Panama,11.8,8.74,9.69,15.1,8.58,25,14.7,12.2,9.01,11.2,10.4,12.5,7.99,13.6,9.44,12.8,16.6,13.3,11.1,10.4,12.4,12.1,13.8,15.2,29,22.4,15.8,16.6,9.67,8.33,40.7,44.6,77.1,31,14.5,17.1,20.9,19.4,11.1,8.27,8.98,11.4,9.54,11.5,9.55,8.6,11.5,−37.2,10.1,18.7,35.8,30.1,13.7,2.41,−49.7,2.59,5.62,10.2,9.4,16.7,33.7,21,29.5
Peru,−0.96,−1.62,0.684,0.854,1.76,4.72,3.58,3.53,2.59,2.5,3.23,2.76,2.59,5.45,4.52,4.18,4.65,5.44,7.98,11.2,10.6,11.3,8.65,13.2,13.9,15.6,13.4,14.4,13.3,14.3,18,29.5,18.9,24.5,14.5,15.8,13.3,15.9,19.1,17.5,15.5,17.1,18.2,18.4,17.2,16.5,16.2,11.2,16.5,15.3,−10.2,20,13,12.1,10.8,10.9,10.3,−0.0399,14,14,14.7,9.01,24.4
Philippines,1.82,0.648,1.01,0.707,2.29,2.82,1.35,2.5,1.83,2.21,1.23,1.86,4.13,5.48,3.7,4.16,4.21,4.01,5.39,5.65,6.02,7.49,6.37,7.95,7.03,8.3,15.8,12.1,13.2,12.9,18.6,15.1,25.4,21,14.9,12.4,12.1,8.68,7.96,8.69,7.09,6.95,6.81,8.74,5.5,6.81,6.77,7.18,0.962,3.72,6.15,−1.41,−0.0344,1.93,6.69,5,2.7,1.5,5.04,8.03,13,14.3,14
Palau,,,,,,,,,,,,,,,,,,,,,,,,,,,,,,,,,0.625,0.611,12k,8270,3550,2100,4730,1490,1980,1730,1580,1300,994,1190,1910,1160,2210,1850,1550,1340,861,1990,1320,783,999,1240,4730,1390,3690,2740,3080
Papua New Guinea,0.00504,0.00491,,0.0047,,37.2,37.7,42.3,46.4,48.9,59.3,56.7,74.3,73,96.2,109,82.8,86.2,97.7,92.5,102,101,94.6,98,93.5,73.3,72.8,86.7,99,86.6,95.8,86.3,105,65.9,67.1,77.6,79.2,68.3,69.8,39.9,49.9,36.1,34.6,36.6,41.7,41.3,40.8,48,43.2,53.7,67.8,79,83.5,79.7,68.7,68.1,59.7,58.4,84.7,68,108,119,65.2
North Korea,,,,,,,,,,,,,,,,,,,2.86,,,,,,,0.285,0.277,0.824,0.448,0.405,0.372,0.408,0.494,0.646,0.256,0.602,1.13,3.87,4.57,8.66,3.15,5.01,11.2,5.51,6.72,3.63,2.28,4.09,8.43,2.65,3.19,4.78,3.93,4.36,6.11,5.2,4.71,5.22,4.7,5.21,4.83,0.775,0.492
Paraguay,5.25,5.21,1.6,4.27,4.15,4.33,4.22,5.42,4.58,5.96,5.5,6.55,5.88,5.67,8.23,6.08,7.97,11.2,10.2,8.14,9.88,13.9,22.2,13.2,11.9,9.48,14.5,15.9,16.8,23.5,14.4,32.1,16.9,24.2,20.1,26.3,15.3,17,12.3,14.7,15.7,13.2,12.5,12.2,6.38,11.6,12.5,21.9,24.8,28.6,19.5,13.7,17.7,21.8,10.2,9.74,14.1,22.5,25.6,19.5,46,26.1,14.3
Palestine,,,,,,,,,,,,,,,,,,,,,,,,,,,,,,,,,,79,199,208,213,227,221,204,234,333,316,330,359,306,399,491,688,704,664,627,504,638,596,438,550,482,503,490,423,439,443
French Polynesia,,,,,,,131,143,166,162,168,161,217,385,278,513,538,559,590,908,975,868,994,993,939,917,1290,1500,1640,1400,1230,1450,1490,1490,1620,1950,1720,1540,1520,1420,,,,,,,,,,,,,,,,,,,,,,,
Qatar,,,,−0.393,,,0.137,0.121,,0.383,0.508,0.751,1.35,1.83,2.84,3.95,5.97,3.7,0.575,0.653,1.95,2.88,2.75,3.18,3.82,5.08,6.15,7.12,4.44,11.7,6.72,6.31,6.2,7.76,6.43,7.26,,,,,,,,,,,,,,,,,,,,,,,,,,,
Rwanda,2.54,2.36,3.54,2.11,2.22,2.44,3.46,3.78,4.39,4.67,5.58,6.26,7.28,9.11,10.6,20,16.9,19.9,25.2,29,29.4,28.2,26.6,25.4,26.9,28.2,31.6,35.5,35.2,31.6,39.3,48,45.6,44.8,106,122,69.3,30,44.2,46.6,39.6,37,42.9,39.2,55.9,63.4,65.3,65,81.3,81.6,100,119,81.1,97.9,91,93.5,96.4,101,89.3,91,124,98.8,78.2
Saudi Arabia,1.92,−0.0441,−2.3,−0.547,−0.0897,0.0703,0.0619,0.0799,0.0892,0.233,0.239,0.299,0.332,0.385,0.482,0.379,0.214,0.764,0.668,1.11,1.26,2.38,4.14,3.61,2.85,2.13,2.24,1.51,1.27,0.886,0.916,0.828,2.88,1.63,0.91,0.899,0.725,0.0692,0.81,1.05,1.02,0.594,0.742,0.596,0.855,1.03,0.957,−4.96,,,,,,,,,,,,,,,
Sudan,3.31,1.68,1.11,1.67,2.13,3.03,3.77,1.43,3.03,0.811,0.689,0.763,5.28,2.98,16.2,21.8,18.7,20.8,24.7,43.5,40.3,36.3,41.4,51.1,32.1,57.6,47,44,45.5,35.8,40.2,40.4,24.6,20.2,18,10.2,9.14,5.68,8.44,9.61,8.57,7.13,11.1,22,34.5,61.8,67.5,68,80.1,71.1,60,50.6,38.9,41.9,23.6,25.4,20.5,21.2,23,35.5,52.9,83.7,33.2
Senegal,0.0397,0.0713,3.71,3.14,15.7,12.6,11.3,12,12,13,9.73,11.8,10.4,16.4,28.1,27.6,22.8,22.5,39.1,54.6,45.8,67.5,47.4,52.9,57.1,44.5,86.5,96.1,84.3,97.1,108,80.9,83.1,60.2,75.5,75.6,64.9,46.9,54.2,56.5,44.5,42.6,43.7,43.9,99.7,63.9,77.2,63.4,78.5,72.6,74.7,81.9,81.3,73.1,79.4,60.6,49.6,59.9,64.1,89.9,98.1,82.3,83.8
Singapore,−0.14,0.00587,0.583,0.345,0.244,1.21,1.22,3.74,2.29,7.49,13.8,14.6,13.8,11.5,9.34,5.18,4.8,5.29,2.82,2.32,5.75,8.64,7.78,5.42,14.8,8.56,10.8,8.45,7.76,32.4,−0.571,2.48,6.17,7.13,4.93,4.73,,,,,,,,,,,,,,,,,,,,,,,,,,,
Solomon Islands,13.8,14.7,16.5,20.5,19.7,27.9,34.1,37.6,40.8,44.2,47.6,39.9,69.1,62.3,62.6,113,94.7,78,120,108,176,115,105,98.8,68.6,68.8,96.5,178,171,145,128,110,129,151,129,127,111,105,70.1,95.6,159,134,58.1,134,258,408,405,472,436,390,616,592,537,498,336,310,279,290,297,332,310,374,349
Sierra Leone,2.92,6.39,3.19,4.03,4.07,6.95,3.98,2.86,4.02,3.23,2.39,3.68,3.53,4.79,3.44,5.44,4.18,7.97,12.2,16,26.9,17.3,23.3,18.1,15.8,17,23.5,16.7,25,23.7,13.7,23.6,30.9,48.1,63.4,49.1,42,26.8,23.9,16.5,39.4,68.9,74.6,63,68,59.8,65.5,86.3,53.9,65.7,71.2,64.1,64.8,64.5,128,129,92.5,70.5,64.6,70.4,102,84.3,60.8
El Salvador,0.482,2.95,2.22,3.9,4.11,4.56,6.42,4.33,3.14,3.6,3.89,2.82,4.18,3.17,2.41,4.14,4.12,6.08,7.75,8.38,18.7,26,40.6,53.3,49.7,66.7,66.2,83.2,76.8,72.3,61.2,49.8,65.3,60.6,48,48.6,47.3,45.5,31.9,33.4,32.3,42.2,41.5,35.1,39.3,36.2,29.5,17.9,40.2,48.1,49.5,48.5,35.7,27.3,15.8,14.4,20.6,24.2,40.4,48.2,54.5,33.8,112
Somalia,7.48,7.88,7.86,9.82,6.83,8.77,15,4.19,9.03,9.09,7.42,8.01,7.59,12.7,19.6,39.1,23.3,52.8,55.1,50.7,81.5,64.4,79.6,55.5,54.6,52.9,73.3,82,60.3,59.6,73.6,27.7,102,135,76.9,26.1,11.8,10.5,10.1,13.8,11.7,16.5,16.2,18.1,19.9,22.9,36.7,35.4,66.9,56.1,42,90,79.6,82.1,83.3,91.6,82.8,118,102,108,184,141,110
Serbia,,,,,,,,,,,,,,,,,,,,,,,,,,,,,,,,,,,6.36,12.5,9.12,12.8,14.3,93.8,151,174,278,175,155,144,213,106,127,82,90.7,191,151,109,51.5,44,89.7,240,153,81.3,70.8,78,76.5
South Sudan,,,,,,,,,,,,,,,,,,,,,,,,,,,,,,,,,,,,,,,,,,,,,,,,,,,,42.5,111,126,175,150,143,205,152,160,172,197,190
Sao Tome and Principe,1.62,14.7,,,,,14.6,5.17,2.81,,,,,,,9.76,132,33.7,43,31,39.3,60.5,97.5,113,107,115,113,154,213,379,450,414,449,363,382,632,350,243,201,194,243,261,174,246,214,202,139,282,221,165,276,395,267,277,210,244,230,193,247,237,421,323,234
Suriname,32.9,37.2,31.1,46.1,37.5,51.3,10.9,11.4,50.2,47.8,66.4,69.2,88.6,74.7,122,134,266,233,171,250,219,257,268,10.1,13.2,24.5,34,47,52.5,124,148,104,190,185,141,177,244,166,126,71.9,72.7,48.7,24.9,22.1,48.6,83.1,121,285,187,286,185,138,72.3,54.7,23.5,27.8,28.4,34.3,23.9,39.1,44.8,47,88.6
Slovenia,,,,,,,,,,,,,,,,,,,,,,,,,,,,,,,,,,3.58,16,26.4,41.3,48.7,20.1,15.7,30.6,63,26.5,,,,,,,,,,,,,,,,,,,,
Eswatini,24.6,32.4,18.8,17.6,33.7,39.2,26.6,23.3,18.8,22.7,13.5,4.53,18.6,21.7,29,28.4,25.3,50.7,77.6,83.7,80.4,57.1,41.5,49.4,42.7,34.1,45.1,57.4,48.2,35.9,62.8,59.5,60.5,56.9,60.6,60.6,33.9,28.7,34.8,28.6,12.7,28,21.1,32.3,20.6,43.6,32.3,47,64.5,51.2,82.9,112,80.6,105,76.7,81.7,129,128,105,60.3,89.3,105,80.4
Seychelles,26.4,23.3,11.1,14.2,20.3,32.6,19.1,44.9,48.1,24.6,75,142,156,140,147,126,122,176,263,401,340,263,281,238,232,338,435,353,300,283,512,323,275,273,176,175,252,222,309,166,291,165,692,113,129,208,162,71.5,86.1,265,601,260,394,305,131,72.6,61.3,169,,,,,
Syria,3.99,3.41,5.1,0.537,0.903,0.609,3.66,1.02,0.883,1.8,3.46,3.32,8.06,60.8,106,110,103,129,111,239,215,197,122,90.6,63.2,57.9,66.7,70.2,16.3,10.4,71.1,41.9,15,19.1,53.4,24.9,14.7,13.1,10.1,14.4,9.8,9.19,3.66,6.72,5.89,3.83,1.03,4.14,7.41,5.57,5.87,14.8,73.9,169,208,256,469,549,517,504,483,454,374
Turks and Caicos Islands,,,,,,,,,,,,,,,386,504,564,501,391,316,446,889,1240,770,750,580,890,918,729,782,991,1420,1140,795,1100,368,264,254,349,410,355,341,199,101,138,217,−16.7,586,,,,,,,,,,,,,,,
Chad,0.00991,1.06,1.75,1.73,5.06,5.48,5.59,5.73,6.16,6.61,6.09,8.13,8.05,11.6,19.6,16.3,14.6,19.3,28.6,19.2,7.94,13.5,13.9,18,22.6,36,31.3,38.1,47.5,44.2,53.3,43.4,37.6,34.7,32.2,34.1,41.1,30.6,22.6,23.5,15.9,22.1,25.9,27.4,34.5,38.6,28,32,42.4,48.2,41.2,37.2,37.3,34.8,28.6,42.9,42.8,43,56.1,39.8,62.3,42.5,39.2
Togo,0.0666,1.75,2.65,3.83,8.43,7.34,6.44,7.21,9.28,8.24,7.71,8.5,9.27,10.8,15.8,16.6,16.7,24.3,37.8,39.6,31.9,21.4,25.3,35.5,33.5,33.2,49.5,34.2,56.2,52.9,66.6,49.9,54.2,23.5,30.5,44.7,35,27.2,27.2,14.7,13.9,8.96,9.68,9.24,11.7,14.5,13.6,20.3,45.4,76.2,61.4,80.4,35.4,31.8,28.9,26.7,22,43.9,41.8,49,66.5,40.6,48.5
Thailand,1.65,1.07,1.34,1.25,1.06,1.59,1.39,1.83,1.92,1.96,2.07,1.7,1.42,1.56,1.78,2.07,4.01,3.06,5.84,8.68,9.09,8.66,8.04,8.6,9.09,8.83,8.77,8.75,9.89,12.6,14.4,12.7,13,10.1,9.86,14.1,13.8,10.2,11.3,16.3,11.1,4.47,4.64,−14.5,0.794,−2.5,−3.23,−4.55,−9.09,−0.415,−0.298,−1.95,−1.9,0.414,5.07,0.835,3.23,3.53,−5.89,−4.93,2.77,1.85,7.73
Tajikistan,,,,,,,,,,,,,,,,,,,,,,,,,,,,,,,,,2.09,4.54,11.5,11,17.1,14,26.1,18.2,17.8,25.4,23.6,20,33.7,32.7,29.3,21.9,28.1,33.7,50.9,36.2,49.5,48,42.8,50.7,41.2,36.8,44.2,38.7,74.9,57,59.2
Turkmenistan,,,,,,,,,,,,,,,,,,,,,,,,,,,,,,,,,1.68,7.71,6.43,7.26,5.5,4.77,6.21,5.63,7.78,16.2,9.39,6.06,11.2,5.95,8.3,5.73,3.55,7.84,8.31,7.61,6.9,6.46,6.09,3.98,5.49,4.71,3.37,4.11,5.46,4.53,2.35
Timor-Leste,,3.45,,,,,,0.609,,,,,,,0.0169,0.417,0.738,,0.0159,0.725,0.779,0.385,0.351,0.679,,,0.432,,0.0277,,0.132,1.22,0.166,0.528,0.285,0.0244,0.0962,0.51,1.95,176,263,217,241,189,170,190,210,271,256,196,266,248,249,223,211,176,183,187,165,180,192,193,167
Tonga,0.148,0.288,0.981,0.681,0.794,6.44,7.64,16.2,18.9,6.94,15.6,8.08,13.1,14.8,32.6,34.7,43.4,67.6,90.3,235,156,178,177,177,151,131,144,211,176,232,275,173,222,286,294,320,293,255,198,189,160,200,174,213,193,311,212,259,234,328,618,823,727,757,753,645,781,827,927,1030,1550,1070,2760
Trinidad and Tobago,,0.0925,0.624,12.8,13.2,17.5,9.59,5.74,4.75,6.69,5.44,3.99,2.91,2.18,3.15,4.16,3.57,1.94,2.92,2.99,3.4,−2.68,4.12,5.07,4.36,6.05,16.1,28.4,5.04,4.08,13.5,−1.47,4.57,1.11,15.5,18.1,11.5,25.4,11,20.3,−1.17,−4.62,−7.01,−2.32,−1.12,−1.76,8.93,14.8,6.67,4.78,3.08,,,,,,,,,,,,
Tunisia,12.4,22.1,16.4,19.3,16.2,20.4,18.2,19.2,15,23.5,22.4,20.5,21.3,24.5,31,37.1,36.7,40.6,49.6,32.7,36.6,36,30,28.6,24.2,21.5,28.7,34.8,39,33.9,46.5,41.1,44.1,27.1,11.6,8.11,13.5,20.4,15.6,25.9,22.5,36.6,21.5,29.6,32.4,35.5,41.7,31.1,35.7,46.2,50.5,83.9,91.5,63.2,80.7,42.9,55.4,68.7,67.6,81.3,80.2,89.2,98.1
Turkey,4.99,6.66,7.91,7.47,5.29,6.04,6.31,5.99,5.15,4.96,4.95,5.6,6.25,2.18,1.29,1.47,3.11,2.25,4.15,13.5,21.6,16.2,14.1,7.57,5,3.66,6.77,7.39,5.39,2.72,24,29.1,6.33,7.81,3.4,5.29,4.08,0.11,0.451,0.197,5.12,2.05,4.14,2.51,4.26,5.81,8.18,11.4,15.8,18.8,14.3,44.3,41.4,37.4,44.7,27.4,45.5,39.3,14.7,8.48,6.5,12.6,9.42
Tuvalu,,,,,,,,,,,,,,,,7.84,440,341,391,543,635,679,779,520,667,400,506,2960,1580,767,551,536,851,426,705,776,1080,1050,539,413,418,867,1220,639,819,910,1420,1050,1530,1530,1320,3480,2350,2530,3150,4560,2250,2630,2520,3330,3890,3210,5620
Tanzania,1.03,3.79,4.42,2.83,4.04,3.32,2.87,3.25,3.18,2.9,3.74,4.41,4.19,6.62,10.4,18.1,15.8,19.4,23.3,31.3,35,35.1,33.1,27.8,25,21.1,28.3,37.1,40.6,35.5,44.4,39.9,48.4,33.2,32.6,28.5,27.8,29.7,30.7,29.6,30.9,36,34.7,46.2,46.3,37.8,46.5,55.5,44.5,52.3,65.6,52.6,59.1,69.7,52.2,49.2,42.6,46,42.3,35.5,36.9,41.2,40.6
Uganda,2.7,2.71,3.57,2.36,2.63,2.28,2.59,2.3,2.29,2.75,3.19,2.99,3.75,1.99,1.53,4.42,1.74,1.35,3.11,3.63,8.53,10,9.46,9.61,11.1,11.9,12.4,18.7,23.7,30.3,37.7,36.5,38.6,31.3,37.4,40.3,31.8,37.2,29.2,26.1,35.6,33.5,28.7,38.1,45,42.8,55.2,46,48,44.3,52.3,47.2,47.9,48.1,45,43.7,45.5,50.1,46.9,47.3,69.5,55.9,44.7
Ukraine,,,,,,,,,,,,,,,,,,,,,,,,,,,,,,,,,,,,,,,,,,,,,,8.58,10.4,9.05,13.3,14.2,14.3,17,16.9,17.4,31,32.1,33.8,26.3,27.4,25.2,52.9,50.5,756
Uruguay,7.51,0.859,1.37,3.32,0.841,1.12,1.73,2.04,8.91,7.01,4.63,3.3,7.88,5.56,1.79,1.7,2.33,4.75,1.78,2.36,2.92,3.25,2.12,1.85,1.92,2.55,9.15,5.28,11.1,9.95,14.7,13.3,20.8,35.9,23.5,21.5,11.3,11.5,8.43,7.81,6.55,4.97,4.9,5.22,7.39,5.53,7.4,11.1,9.85,15.2,13.7,5.42,5.15,10.8,27,6.81,5.35,12.2,,,,,
Uzbekistan,,,,,,,,,,,,,,,,,,,,,,,,,,,,,,,,,0.0704,0.364,1.26,3.67,3.78,5.91,6.57,6.43,7.51,5.99,7.26,7.51,9.4,6.46,5.65,5.65,6.1,5.17,6.94,4.9,8.59,9.76,10.6,14.4,16,19.7,32.1,34.3,42.7,33.3,44.7
St. Vincent and the Grenadines,,,,,,,,,,,,,,1.18,35.6,57.6,42.2,37.4,41.8,53.3,90.2,84.5,69.6,48,35.9,49.5,111,119,151,136,137,141,160,120,111,417,230,52,181,145,55.4,71.5,40.3,55.4,94,70.2,43.1,579,231,254,154,163,76.9,79.3,92.5,127,86.1,112,172,805,728,1210,149
Venezuela,0.0981,1.03,9.13,4.85,−5.73,1.46,2.86,2.47,1.72,1.07,0.432,0.681,0.696,0.679,0.403,0.287,−1.12,−0.599,−1.05,0.709,1.28,1.1,1.16,1.08,1.03,0.949,1.17,1.25,1.42,3.35,4.07,1.54,1.68,1.99,1.27,2.03,1.6,0.321,1.71,1.83,3.2,1.81,2.27,3.2,1.78,1.83,2.11,2.65,2.15,2.08,1.85,1.68,1.72,1.27,1.43,1.2,1.41,2.84,5,8.97,11.6,9.69,9.62
British Virgin Islands,10.2,53.3,49.4,20.2,25.2,,51.6,1940,,,,,,,166,235,248,194,109,158,415,333,320,251,144,155,105,149,134,382,357,374,330,196,636,80.9,66.8,101,61.3,131,,,,,,,,,,,,,,,,,,,,,,,
Vietnam,5.86,4.97,5.1,6.38,6.71,8.38,13.5,11.7,11.2,11.3,10.4,10.8,13.1,10.6,15.4,8.24,4.85,5.99,8.23,7.32,5.1,4.98,4.46,2.62,2.6,2.53,3.12,2.03,2.56,1.9,2.7,3.33,8.11,3.51,12.4,10.5,12.1,11.2,13.6,15.9,18.8,15.7,13.2,18.8,20.1,20.4,20.1,19.1,20.6,25,31.7,37.7,46.1,45.3,46.2,34.4,31.2,25.6,17.3,11.4,12.1,5.4,0.498
Vanuatu,2.32,4.21,5.99,7.24,8.97,7.77,28.2,25.3,28.5,38.2,37.1,53.5,66.5,77.8,163,122,294,134,167,332,372,251,207,208,183,158,173,354,263,245,310,298,245,206,243,261,176,151,161,166,185,147,135,159,182,185,222,254,400,424,446,370,396,347,372,675,456,457,440,429,494,523,383
Samoa,,0.257,0.749,1.38,1.66,1.77,3.16,5.75,7.89,3.63,6.44,7.31,15.8,20,34.7,74.1,62.7,108,96.3,160,127,130,128,138,97.6,106,133,199,169,162,214,252,269,283,256,220,184,157,182,135,157,220,204,177,162,229,255,174,202,341,639,452,592,565,466,460,431,656,611,584,776,386,568
Yemen,2.65,2.64,3.14,3.68,3.91,5.17,6.19,3.94,0.952,0.713,2.46,4.53,7.08,8.57,23.8,32,59.4,53.5,46.1,40.5,62.4,53.5,62.1,42.6,52.7,39.1,30.2,41,24.7,29.1,33.6,21.3,17.6,20.9,11,10.7,15.2,20.8,22.4,25.4,16.8,19.4,11,12.1,12.9,13.9,13.1,6.84,14.1,14.7,27,18.7,27.1,38.5,41.9,62.4,78.6,108,259,119,78.9,118,108
South Africa,,,,,,,,,,,,,,,,,,,,,,,,,,,,,,,,,,6.36,6.77,8.78,8.11,10.9,11.2,11.7,10.5,9.08,10.6,13.3,13,13.9,14.6,15.9,22,21,20,26.6,20.1,24,19.7,25.4,20.9,17.9,16.1,16.6,20.5,17.5,17.2
Zambia,0.295,0.283,1.77,1.57,5.92,2.97,7.73,15.6,7.52,4.87,3.09,4.86,4.76,9.65,11.9,17.5,12.1,20.6,34.1,49.8,55.5,39.1,51.8,34.2,36.3,47.8,65.5,59.5,65.1,49,61.8,111,128,105,84.4,234,68.3,66.8,37.1,64.8,80.3,56,77.2,71.1,101,101,123,75.5,82.2,92.2,66.7,72.4,64.9,75.2,63.4,49.1,57.6,60.2,56.1,51.6,53.7,55.9,91.4
Zimbabwe,,0.00255,,2.6,1.06,0.836,0.0872,0.0803,0.43,0.129,0.113,0.121,0.15,0.149,0.268,0.661,0.997,1.04,1.41,1.88,22.8,23.3,27.3,25.6,35.3,27.1,24.8,31.4,28.2,26.5,33,37.5,74.3,46.3,51.7,44.7,33.3,29.6,22.6,20.9,14.8,13.5,16.6,15.5,15.4,30.5,22.6,38.3,48.8,58.1,55.5,55.5,75.5,61,54.9,55.7,45.3,49.2,52.8,55,62.9,61.6,47.9
